
{
    "region" : "us-east-1",
    "configuration" : "Debug",
    "framework"     : "netcoreapp3.1",
    "self-contained" : false,
    "application"    : "Patriot",
    "environment"    : "Patriot-test",
    "app-path"       : "/",
    "iis-website"    : "Default Web Site",
    "enable-xray"    : false,
    "enhanced-health-type" : "basic",
    "additional-options"   : "",
    "solution-stack"       : "64bit Windows Server 2016 v2.10.4 running IIS 10.0",
    "environment-type"     : "SingleInstance",
    "cname"                : "patriot-test",
    "instance-type"        : "t2.micro",
    "key-pair"             : "avalanche_aws",
    "instance-profile"     : "aws-elasticbeanstalk-ec2-role",
    "service-role"         : "aws-elasticbeanstalk-service-role"
}